Workbook

Sheet 6º ao 9º EFAF
A1: 6º ao 9º EFAF | B1: Total de Matrículas | C1: Alunos que fizeram a avaliação | D1: Acertos em Língua Portuguesa (Questões 1, 2, 3, 4) | E1: Acertos em Matemática (Questões 5, 6, 7, 8) | F1: Acertos em Língua Inglesa (Questões 9, 10, 11) | G1: Acertos em Ciências (Questões 12, 13, 14) | H1: Acertos em História (Questões 15, 16, 17) | I1: Acertos em Geografia (Questões 18, 19, 20) | J1: Total de Acertos

Sheet 1ª e 2ª EM
A1: 1ª/2ª EM | B1: Total de Matrículas | C1: Alunos que fizeram a avaliação | D1: Acertos em Língua Portuguesa (Questões 1, 2, 3, 4) | E1: Acertos em Matemática (Questões 5, 6, 7, 8) | F1: Acertos em Física (Questões 9, 10) | G1: Acertos em Química (Questões 11, 12) | H1: Acertos em Biologia (Questões 13, 14) | I1: Acertos em História (Questões 15, 16) | J1: Acertos em Geografia (Questões 17, 18) | K1: Acertos em Filosofia/Sociologia (Questões 19, 20) | L1: Acertos em Língua Inglesa (Questões 21, 22) | M1: Total de Acertos
A2: 1ª SERIE 1A TARDE ANUAL - 40987935 | B2: 31 | C2: 31 | D2: 56 | E2: 42 | F2: 7 | G2: 8 | H2: 15 | I2: 15 | J2: 13 | K2: 13 | L2: 18 | M2: =IF(COUNT(D2:L2)>0, SUM(D2:L2), 0) -> 187
A3: 1ª SERIE 1B TARDE ANUAL - 40987934 | B3: 31 | C3: 21 | D3: 24 | E3: 25 | F3: 13 | G3: 6 | H3: 12 | I3: 7 | J3: 12 | K3: 9 | L3: 19 | M3: =IF(COUNT(D3:L3)>0, SUM(D3:L3), 0) -> 127
A4: 2ª SERIE 2A TARDE ANUAL - 40954729 | B4: 32 | C4: 19 | D4: 28 | E4: 25 | F4: 8 | G4: 16 | H4: 14 | I4: 20 | J4: 5 | K4: 19 | L4: 13 | M4: =IF(COUNT(D4:L4)>0, SUM(D4:L4), 0) -> 148
A5: 2ª SERIE 2B NOITE ANUAL - 41358795 | B5: 31 | C5: 25 | D5: 92 | E5: 74 | F5: 27 | G5: 35 | H5: 45 | I5: 45 | J5: 38 | K5: 36 | L5: 35 | M5: =IF(COUNT(D5:L5)>0, SUM(D5:L5), 0) -> 427

Sheet 3ª EM
A1: 3ª EM | B1: Total de Matrículas | C1: Alunos que fizeram a avaliação | D1: Acertos em Língua Portuguesa (Questões 1, 2, 3, 4, 5) | E1: Acertos em Matemática (Questões 6, 7, 8, 9, 10) | F1: Acertos em Física (Questões 11, 12, 13, 14) | G1: Acertos em História (Questões 15, 16, 17, 18) | H1: Acertos em Língua Inglesa (Questões 19, 20, 21, 22) | I1: Total de Acertos
A2: 3ª SERIE 3A TARDE ANUAL - 40945205 | B2: 18 | C2: 13 | D2: 56 | E2: 43 | F2: 22 | G2: 40 | H2: 22 | I2: =IF(COUNT(D2:H2)>0, SUM(D2:H2), 0) -> 183
A3: 3ª SERIE 3B NOITE ANUAL - 40945206 | B3: 36 | C3: 31 | D3: 87 | E3: 79 | F3: 57 | G3: 62 | H3: 49 | I3: =IF(COUNT(D3:H3)>0, SUM(D3:H3), 0) -> 334

Sheet Resultado automático
A1: Turma | B1: Alunos (Pres.) | C1: Total Matric. | D1: Part. (%) | E1: Biologia | F1: Ciências | G1: Filosofia | H1: Sociologia | I1: Física | J1: Geografia | K1: História | L1: Língua Inglesa | M1: Língua Portuguesa | N1: Matemática | O1: Química | P1: Média Geral
A2: MÉDIA GLOBAL DA ESCOLA | B2: =IFERROR(SUM(B3:B8), 0) -> 140 | C2: =IFERROR(SUM(C3:C8), 0) -> 179 | D2: =IF(AND(ISNUMBER(C2), C2>0, ISNUMBER(B2)), B2/C2, 0) -> 0.78212291 | E2: =IFERROR(AVERAGEIF(E3:E8, ">0"), 0) -> 0.44901771 | F2: =IFERROR(AVERAGEIF(F3:F8, ">0"), 0) -> 0 | G2: =IFERROR(AVERAGEIF(G3:G8, ">0"), 0) -> 0.21198157 | H2: =IFERROR(AVERAGEIF(H3:H8, ">0"), 0) -> 0.61 | I2: =IFERROR(AVERAGEIF(I3:I8, ">0"), 0) -> 0.34261795 | J2: =IFERROR(AVERAGEIF(J3:J8, ">0"), 0) -> 0.34674266 | K2: =IFERROR(AVERAGEIF(K3:K8, ">0"), 0) -> 0.51735812 | L2: =IFERROR(AVERAGEIF(L3:L8, ">0"), 0) -> 0.43384117 | ... P2: =IFERROR(AVERAGEIF(P3:P8, ">0"), 0) -> 0.45850617
A3: 1ª SERIE 1A TARDE ANUAL - 40987935 | B3: ='1ª e 2ª EM'!C2 -> 31 | C3: ='1ª e 2ª EM'!B2 -> 31 | D3: =IF(AND(ISNUMBER(C3), C3>0, ISNUMBER(B3)), B3/C3, 0) -> 1 | E3: =IF(AND(ISNUMBER(B3), B3>0, ISNUMBER('1ª e 2ª EM'!H2)), ('1ª e 2ª EM'!H2/(B3*2)), 0) -> 0.24193548 | F3: - | G3: =IF(AND(ISNUMBER(B3), B3>0, ISNUMBER('1ª e 2ª EM'!K2)), ('1ª e 2ª EM'!K2/(B3*2)), 0) -> 0.20967742 | H3: - | I3: =IF(AND(ISNUMBER(B3), B3>0, ISNUMBER('1ª e 2ª EM'!F2)), ('1ª e 2ª EM'!F2/(B3*2)), 0) -> 0.11290323 | J3: =IF(AND(ISNUMBER(B3), B3>0, ISNUMBER('1ª e 2ª EM'!J2)), ('1ª e 2ª EM'!J2/(B3*2)), 0) -> 0.20967742 | K3: =IF(AND(ISNUMBER(B3), B3>0, ISNUMBER('1ª e 2ª EM'!I2)), ('1ª e 2ª EM'!I2/(B3*2)), 0) -> 0.24193548 | L3: =IF(AND(ISNUMBER(B3), B3>0, ISNUMBER('1ª e 2ª EM'!L2)), ('1ª e 2ª EM'!L2/(B3*2)), 0) -> 0.29032258 | M3: =IF(AND(ISNUMBER(B3), B3>0, ISNUMBER('1ª e 2ª EM'!D2)), ('1ª e 2ª EM'!D2/(B3*4)), 0) -> 0.4516129 | N3: =IF(AND(ISNUMBER(B3), B3>0, ISNUMBER('1ª e 2ª EM'!E2)), ('1ª e 2ª EM'!E2/(B3*4)), 0) -> 0.33870968 | O3: =IF(AND(ISNUMBER(B3), B3>0, ISNUMBER('1ª e 2ª EM'!G2)), ('1ª e 2ª EM'!G2/(B3*2)), 0) -> 0.12903226 | P3: =IFERROR(AVERAGEIF(E3:O3, ">0"), 0) -> 0.24731183
A4: 1ª SERIE 1B TARDE ANUAL - 40987934 | B4: ='1ª e 2ª EM'!C3 -> 21 | C4: ='1ª e 2ª EM'!B3 -> 31 | D4: =IF(AND(ISNUMBER(C4), C4>0, ISNUMBER(B4)), B4/C4, 0) -> 0.67741935 | E4: =IF(AND(ISNUMBER(B4), B4>0, ISNUMBER('1ª e 2ª EM'!H3)), ('1ª e 2ª EM'!H3/(B4*2)), 0) -> 0.28571429 | F4: - | G4: =IF(AND(ISNUMBER(B4), B4>0, ISNUMBER('1ª e 2ª EM'!K3)), ('1ª e 2ª EM'!K3/(B4*2)), 0) -> 0.21428571 | H4: - | I4: =IF(AND(ISNUMBER(B4), B4>0, ISNUMBER('1ª e 2ª EM'!F3)), ('1ª e 2ª EM'!F3/(B4*2)), 0) -> 0.30952381 | J4: =IF(AND(ISNUMBER(B4), B4>0, ISNUMBER('1ª e 2ª EM'!J3)), ('1ª e 2ª EM'!J3/(B4*2)), 0) -> 0.28571429 | K4: =IF(AND(ISNUMBER(B4), B4>0, ISNUMBER('1ª e 2ª EM'!I3)), ('1ª e 2ª EM'!I3/(B4*2)), 0) -> 0.16666667 | L4: =IF(AND(ISNUMBER(B4), B4>0, ISNUMBER('1ª e 2ª EM'!L3)), ('1ª e 2ª EM'!L3/(B4*2)), 0) -> 0.45238095 | M4: =IF(AND(ISNUMBER(B4), B4>0, ISNUMBER('1ª e 2ª EM'!D3)), ('1ª e 2ª EM'!D3/(B4*4)), 0) -> 0.28571429 | N4: =IF(AND(ISNUMBER(B4), B4>0, ISNUMBER('1ª e 2ª EM'!E3)), ('1ª e 2ª EM'!E3/(B4*4)), 0) -> 0.29761905 | O4: =IF(AND(ISNUMBER(B4), B4>0, ISNUMBER('1ª e 2ª EM'!G3)), ('1ª e 2ª EM'!G3/(B4*2)), 0) -> 0.14285714 | P4: =IFERROR(AVERAGEIF(E4:O4, ">0"), 0) -> 0.27116402
A5: 2ª SERIE 2A TARDE ANUAL - 40954729 | B5: ='1ª e 2ª EM'!C4 -> 19 | C5: ='1ª e 2ª EM'!B4 -> 32 | D5: =IF(AND(ISNUMBER(C5), C5>0, ISNUMBER(B5)), B5/C5, 0) -> 0.59375 | E5: =IF(AND(ISNUMBER(B5), B5>0, ISNUMBER('1ª e 2ª EM'!H4)), ('1ª e 2ª EM'!H4/(B5*2)), 0) -> 0.36842105 | F5: - | G5: - | H5: =IF(AND(ISNUMBER(B5), B5>0, ISNUMBER('1ª e 2ª EM'!K4)), ('1ª e 2ª EM'!K4/(B5*2)), 0) -> 0.5 | I5: =IF(AND(ISNUMBER(B5), B5>0, ISNUMBER('1ª e 2ª EM'!F4)), ('1ª e 2ª EM'!F4/(B5*2)), 0) -> 0.21052632 | J5: =IF(AND(ISNUMBER(B5), B5>0, ISNUMBER('1ª e 2ª EM'!J4)), ('1ª e 2ª EM'!J4/(B5*2)), 0) -> 0.13157895 | K5: =IF(AND(ISNUMBER(B5), B5>0, ISNUMBER('1ª e 2ª EM'!I4)), ('1ª e 2ª EM'!I4/(B5*2)), 0) -> 0.52631579 | L5: =IF(AND(ISNUMBER(B5), B5>0, ISNUMBER('1ª e 2ª EM'!L4)), ('1ª e 2ª EM'!L4/(B5*2)), 0) -> 0.34210526 | M5: =IF(AND(ISNUMBER(B5), B5>0, ISNUMBER('1ª e 2ª EM'!D4)), ('1ª e 2ª EM'!D4/(B5*4)), 0) -> 0.36842105 | N5: =IF(AND(ISNUMBER(B5), B5>0, ISNUMBER('1ª e 2ª EM'!E4)), ('1ª e 2ª EM'!E4/(B5*4)), 0) -> 0.32894737 | O5: =IF(AND(ISNUMBER(B5), B5>0, ISNUMBER('1ª e 2ª EM'!G4)), ('1ª e 2ª EM'!G4/(B5*2)), 0) -> 0.42105263 | P5: =IFERROR(AVERAGEIF(E5:O5, ">0"), 0) -> 0.35526316
A6: 2ª SERIE 2B NOITE ANUAL - 41358795 | B6: ='1ª e 2ª EM'!C5 -> 25 | C6: ='1ª e 2ª EM'!B5 -> 31 | D6: =IF(AND(ISNUMBER(C6), C6>0, ISNUMBER(B6)), B6/C6, 0) -> 0.80645161 | E6: =IF(AND(ISNUMBER(B6), B6>0, ISNUMBER('1ª e 2ª EM'!H5)), ('1ª e 2ª EM'!H5/(B6*2)), 0) -> 0.9 | F6: - | G6: - | H6: =IF(AND(ISNUMBER(B6), B6>0, ISNUMBER('1ª e 2ª EM'!K5)), ('1ª e 2ª EM'!K5/(B6*2)), 0) -> 0.72 | I6: =IF(AND(ISNUMBER(B6), B6>0, ISNUMBER('1ª e 2ª EM'!F5)), ('1ª e 2ª EM'!F5/(B6*2)), 0) -> 0.54 | J6: =IF(AND(ISNUMBER(B6), B6>0, ISNUMBER('1ª e 2ª EM'!J5)), ('1ª e 2ª EM'!J5/(B6*2)), 0) -> 0.76 | K6: =IF(AND(ISNUMBER(B6), B6>0, ISNUMBER('1ª e 2ª EM'!I5)), ('1ª e 2ª EM'!I5/(B6*2)), 0) -> 0.9 | L6: =IF(AND(ISNUMBER(B6), B6>0, ISNUMBER('1ª e 2ª EM'!L5)), ('1ª e 2ª EM'!L5/(B6*2)), 0) -> 0.7 | M6: =IF(AND(ISNUMBER(B6), B6>0, ISNUMBER('1ª e 2ª EM'!D5)), ('1ª e 2ª EM'!D5/(B6*4)), 0) -> 0.92 | N6: =IF(AND(ISNUMBER(B6), B6>0, ISNUMBER('1ª e 2ª EM'!E5)), ('1ª e 2ª EM'!E5/(B6*4)), 0) -> 0.74 | O6: =IF(AND(ISNUMBER(B6), B6>0, ISNUMBER('1ª e 2ª EM'!G5)), ('1ª e 2ª EM'!G5/(B6*2)), 0) -> 0.7 | P6: =IFERROR(AVERAGEIF(E6:O6, ">0"), 0) -> 0.76444444
A7: 3ª SERIE 3A TARDE ANUAL - 40945205 | B7: ='3ª EM'!C2 -> 13 | C7: ='3ª EM'!B2 -> 18 | D7: =IF(AND(ISNUMBER(C7), C7>0, ISNUMBER(B7)), B7/C7, 0) -> 0.72222222 | E7: - | F7: - | G7: - | H7: - | I7: =IF(AND(ISNUMBER(B7), B7>0, ISNUMBER('3ª EM'!F2)), ('3ª EM'!F2/(B7*4)), 0) -> 0.42307692 | J7: - | K7: =IF(AND(ISNUMBER(B7), B7>0, ISNUMBER('3ª EM'!G2)), ('3ª EM'!G2/(B7*4)), 0) -> 0.76923077 | L7: =IF(AND(ISNUMBER(B7), B7>0, ISNUMBER('3ª EM'!H2)), ('3ª EM'!H2/(B7*4)), 0) -> 0.42307692 | M7: =IF(AND(ISNUMBER(B7), B7>0, ISNUMBER('3ª EM'!D2)), ('3ª EM'!D2/(B7*5)), 0) -> 0.86153846 | N7: =IF(AND(ISNUMBER(B7), B7>0, ISNUMBER('3ª EM'!E2)), ('3ª EM'!E2/(B7*5)), 0) -> 0.66153846 | O7: - | P7: =IFERROR(AVERAGEIF(E7:O7, ">0"), 0) -> 0.62769231
A8: 3ª SERIE 3B NOITE ANUAL - 40945206 | B8: ='3ª EM'!C3 -> 31 | C8: ='3ª EM'!B3 -> 36 | D8: =IF(AND(ISNUMBER(C8), C8>0, ISNUMBER(B8)), B8/C8, 0) -> 0.86111111 | E8: - | F8: - | G8: - | H8: - | I8: =IF(AND(ISNUMBER(B8), B8>0, ISNUMBER('3ª EM'!F3)), ('3ª EM'!F3/(B8*4)), 0) -> 0.45967742 | J8: - | K8: =IF(AND(ISNUMBER(B8), B8>0, ISNUMBER('3ª EM'!G3)), ('3ª EM'!G3/(B8*4)), 0) -> 0.5 | L8: =IF(AND(ISNUMBER(B8), B8>0, ISNUMBER('3ª EM'!H3)), ('3ª EM'!H3/(B8*4)), 0) -> 0.39516129 | M8: =IF(AND(ISNUMBER(B8), B8>0, ISNUMBER('3ª EM'!D3)), ('3ª EM'!D3/(B8*5)), 0) -> 0.56129032 | N8: =IF(AND(ISNUMBER(B8), B8>0, ISNUMBER('3ª EM'!E3)), ('3ª EM'!E3/(B8*5)), 0) -> 0.50967742 | O8: - | P8: =IFERROR(AVERAGEIF(E8:O8, ">0"), 0) -> 0.48516129
