Workbook

Sheet 6º ao 9º EFAF
A1: 6º ao 9º EFAF | B1: Total de Matrículas | C1: Alunos que fizeram a avaliação | D1: Acertos em Língua Portuguesa (Questões 1, 2, 3, 4) | E1: Acertos em Matemática (Questões 5, 6, 7, 8) | F1: Acertos em Língua Inglesa (Questões 9, 10, 11) | G1: Acertos em Ciências (Questões 12, 13, 14) | H1: Acertos em História (Questões 15, 16, 17) | I1: Acertos em Geografia (Questões 18, 19, 20) | J1: Total de Acertos
A2: 6° ANO A INTEGRAL 7H T1 ANUAL - 40979455 | B2: 34 | C2: 33 | D2: 91 | E2: 83 | F2: 81 | G2: 54 | H2: 26 | I2: 68 | J2: =IF(COUNT(D2:I2)>0, SUM(D2:I2), 0) -> 403
A3: 6º ANO B INTEGRAL 7H T1 ANUAL - 40979456 | B3: 33 | C3: 30 | D3: 79 | E3: 60 | F3: 72 | G3: 50 | H3: 20 | I3: 64 | J3: =IF(COUNT(D3:I3)>0, SUM(D3:I3), 0) -> 345
A4: 7º ANO A INTEGRAL 7H T1 ANUAL - 40928735 | B4: 20 | C4: 20 | D4: 43 | E4: 21 | F4: 44 | G4: 40 | H4: 34 | I4: 28 | J4: =IF(COUNT(D4:I4)>0, SUM(D4:I4), 0) -> 210
A5: 7º ANO B INTEGRAL 7H T1 ANUAL - 40928730 | B5: 35 | C5: 35 | D5: 86 | E5: 48 | F5: 62 | G5: 67 | H5: 48 | I5: 68 | J5: =IF(COUNT(D5:I5)>0, SUM(D5:I5), 0) -> 379
A6: 7º ANO C INTEGRAL 7H T1 ANUAL - 40928734 | B6: 35 | C6: 31 | D6: 71 | E6: 53 | F6: 62 | G6: 69 | H6: 43 | I6: 60 | J6: =IF(COUNT(D6:I6)>0, SUM(D6:I6), 0) -> 358
A7: 8° ANO A INTEGRAL 7H T1 ANUAL - 40928733 | B7: 35 | C7: 35 | D7: 103 | E7: 96 | F7: 84 | G7: 86 | H7: 78 | I7: 77 | J7: =IF(COUNT(D7:I7)>0, SUM(D7:I7), 0) -> 524
A8: 8° ANO B INTEGRAL 7H T1 ANUAL - 40928732 | B8: 36 | C8: 35 | D8: 77 | E8: 54 | F8: 73 | G8: 63 | H8: 51 | I8: 35 | J8: =IF(COUNT(D8:I8)>0, SUM(D8:I8), 0) -> 353
A9: 9° ANO A INTEGRAL 7H T1 ANUAL - 40928731 | B9: 36 | C9: 34 | D9: 90 | E9: 55 | F9: 55 | G9: 65 | H9: 50 | I9: 40 | J9: =IF(COUNT(D9:I9)>0, SUM(D9:I9), 0) -> 355
A10: 9° ANO B INTEGRAL 7H T1 ANUAL - 40928729 | B10: 37 | C10: 34 | D10: 85 | E10: 50 | F10: 65 | G10: 60 | H10: 35 | I10: 40 | J10: =IF(COUNT(D10:I10)>0, SUM(D10:I10), 0) -> 335

Sheet 1ª e 2ª EM
A1: 1ª/2ª EM | B1: Total de Matrículas | C1: Alunos que fizeram a avaliação | D1: Acertos em Língua Portuguesa (Questões 1, 2, 3, 4) | E1: Acertos em Matemática (Questões 5, 6, 7, 8) | F1: Acertos em Física (Questões 9, 10) | G1: Acertos em Química (Questões 11, 12) | H1: Acertos em Biologia (Questões 13, 14) | I1: Acertos em História (Questões 15, 16) | J1: Acertos em Geografia (Questões 17, 18) | K1: Acertos em Filosofia/Sociologia (Questões 19, 20) | L1: Acertos em Língua Inglesa (Questões 21, 22) | M1: Total de Acertos
A2: 1ª SERIE A INTEGRAL 7H T2 ANUAL - 40971609 | B2: 32 | C2: 28 | D2: 65 | E2: 35 | F2: 15 | G2: 15 | H2: 15 | I2: 25 | J2: 20 | K2: 50 | L2: 18 | M2: =IF(COUNT(D2:L2)>0, SUM(D2:L2), 0) -> 258
A3: 1ª SERIE B INTEGRAL 7H T2 ANUAL - 40971610 | B3: 31 | C3: 30 | D3: 75 | E3: 30 | F3: 14 | G3: 20 | H3: 22 | I3: 25 | J3: 21 | K3: 52 | L3: 25 | M3: =IF(COUNT(D3:L3)>0, SUM(D3:L3), 0) -> 284
A4: 4050 - ADMINISTRAÇÃO - 2ª SERIE A INTEGRAL 7H T2 ANUAL - 41140987 | B4: 20 | C4: 19 | D4: 72 | E4: 70 | F4: 35 | G4: 33 | H4: 34 | I4: 35 | J4: 34 | K4: 32 | L4: 34 | M4: =IF(COUNT(D4:L4)>0, SUM(D4:L4), 0) -> 379
A5: 4050 - ADMINISTRAÇÃO - 2ª SERIE B INTEGRAL 7H T2 ANUAL - 41237071 | B5: 22 | C5: 21 | D5: 50 | E5: 25 | F5: 10 | G5: 26 | H5: 25 | I5: 26 | J5: 15 | K5: 20 | L5: 12 | M5: =IF(COUNT(D5:L5)>0, SUM(D5:L5), 0) -> 209

Sheet 3ª EM
A1: 3ª EM | B1: Total de Matrículas | C1: Alunos que fizeram a avaliação | D1: Acertos em Língua Portuguesa (Questões 1, 2, 3, 4, 5) | E1: Acertos em Matemática (Questões 6, 7, 8, 9, 10) | F1: Acertos em Física (Questões 11, 12, 13, 14) | G1: Acertos em História (Questões 15, 16, 17, 18) | H1: Acertos em Língua Inglesa (Questões 19, 20, 21, 22) | I1: Total de Acertos
A2: 3ª SERIE B INTEGRAL 7H T2 ANUAL - 40949611 | B2: 9 | C2: 8 | D2: 30 | E2: 21 | F2: 5 | G2: 32 | H2: 25 | I2: =IF(COUNT(D2:H2)>0, SUM(D2:H2), 0) -> 113
A3: 4050 - ADMINISTRAÇÃO - 3ª SERIE A INTEGRAL 7H T2 ANUAL - 40965455 | B3: 22 | C3: 22 | D3: 65 | E3: 30 | F3: 12 | G3: 53 | H3: 32 | I3: =IF(COUNT(D3:H3)>0, SUM(D3:H3), 0) -> 192

Sheet Resultado automático
A1: Turma | B1: Alunos (Pres.) | C1: Total Matric. | D1: Part. (%) | E1: Biologia | F1: Ciências | G1: Filosofia | H1: Sociologia | I1: Física | J1: Geografia | K1: História | L1: Língua Inglesa | M1: Língua Portuguesa | N1: Matemática | O1: Química | P1: Média Geral
A2: MÉDIA GLOBAL DA ESCOLA | B2: =IFERROR(SUM(B3:B17), 0) -> 415 | C2: =IFERROR(SUM(C3:C17), 0) -> 437 | D2: =IF(AND(ISNUMBER(C2), C2>0, ISNUMBER(B2)), B2/C2, 0) -> 0.94965675 | E2: =IFERROR(AVERAGEIF(E3:E17, ">0"), 0) -> 0.53112469 | F2: =IFERROR(AVERAGEIF(F3:F17, ">0"), 0) -> 0.64358281 | G2: =IFERROR(AVERAGEIF(G3:G17, ">0"), 0) -> 0.8797619 | H2: =IFERROR(AVERAGEIF(H3:H17, ">0"), 0) -> 0.65914787 | I2: =IFERROR(AVERAGEIF(I3:I17, ">0"), 0) -> 0.325492 | J2: =IFERROR(AVERAGEIF(J3:J17, ">0"), 0) -> 0.53595613 | K2: =IFERROR(AVERAGEIF(K3:K17, ">0"), 0) -> 0.53589311 | L2: =IFERROR(AVERAGEIF(L3:L17, ">0"), 0) -> 0.62291996 | ... P2: =IFERROR(AVERAGEIF(P3:P17, ">0"), 0) -> 0.55724229
A3: 6° ANO A INTEGRAL 7H T1 ANUAL - 40979455 | B3: ='6º ao 9º EFAF'!C2 -> 33 | C3: ='6º ao 9º EFAF'!B2 -> 34 | D3: =IF(AND(ISNUMBER(C3), C3>0, ISNUMBER(B3)), B3/C3, 0) -> 0.97058824 | E3: - | F3: =IF(AND(ISNUMBER(B3), B3>0, ISNUMBER('6º ao 9º EFAF'!G2)), ('6º ao 9º EFAF'!G2/(B3*3)), 0) -> 0.54545455 | G3: - | H3: - | I3: - | J3: =IF(AND(ISNUMBER(B3), B3>0, ISNUMBER('6º ao 9º EFAF'!I2)), ('6º ao 9º EFAF'!I2/(B3*3)), 0) -> 0.68686869 | K3: =IF(AND(ISNUMBER(B3), B3>0, ISNUMBER('6º ao 9º EFAF'!H2)), ('6º ao 9º EFAF'!H2/(B3*3)), 0) -> 0.26262626 | L3: =IF(AND(ISNUMBER(B3), B3>0, ISNUMBER('6º ao 9º EFAF'!F2)), ('6º ao 9º EFAF'!F2/(B3*3)), 0) -> 0.81818182 | M3: =IF(AND(ISNUMBER(B3), B3>0, ISNUMBER('6º ao 9º EFAF'!D2)), ('6º ao 9º EFAF'!D2/(B3*4)), 0) -> 0.68939394 | N3: =IF(AND(ISNUMBER(B3), B3>0, ISNUMBER('6º ao 9º EFAF'!E2)), ('6º ao 9º EFAF'!E2/(B3*4)), 0) -> 0.62878788 | O3: - | P3: =IFERROR(AVERAGEIF(E3:O3, ">0"), 0) -> 0.60521886
A4: 6º ANO B INTEGRAL 7H T1 ANUAL - 40979456 | B4: ='6º ao 9º EFAF'!C3 -> 30 | C4: ='6º ao 9º EFAF'!B3 -> 33 | D4: =IF(AND(ISNUMBER(C4), C4>0, ISNUMBER(B4)), B4/C4, 0) -> 0.90909091 | E4: - | F4: =IF(AND(ISNUMBER(B4), B4>0, ISNUMBER('6º ao 9º EFAF'!G3)), ('6º ao 9º EFAF'!G3/(B4*3)), 0) -> 0.55555556 | G4: - | H4: - | I4: - | J4: =IF(AND(ISNUMBER(B4), B4>0, ISNUMBER('6º ao 9º EFAF'!I3)), ('6º ao 9º EFAF'!I3/(B4*3)), 0) -> 0.71111111 | K4: =IF(AND(ISNUMBER(B4), B4>0, ISNUMBER('6º ao 9º EFAF'!H3)), ('6º ao 9º EFAF'!H3/(B4*3)), 0) -> 0.22222222 | L4: =IF(AND(ISNUMBER(B4), B4>0, ISNUMBER('6º ao 9º EFAF'!F3)), ('6º ao 9º EFAF'!F3/(B4*3)), 0) -> 0.8 | M4: =IF(AND(ISNUMBER(B4), B4>0, ISNUMBER('6º ao 9º EFAF'!D3)), ('6º ao 9º EFAF'!D3/(B4*4)), 0) -> 0.65833333 | N4: =IF(AND(ISNUMBER(B4), B4>0, ISNUMBER('6º ao 9º EFAF'!E3)), ('6º ao 9º EFAF'!E3/(B4*4)), 0) -> 0.5 | O4: - | P4: =IFERROR(AVERAGEIF(E4:O4, ">0"), 0) -> 0.57453704
A5: 7º ANO A INTEGRAL 7H T1 ANUAL - 40928735 | B5: ='6º ao 9º EFAF'!C4 -> 20 | C5: ='6º ao 9º EFAF'!B4 -> 20 | D5: =IF(AND(ISNUMBER(C5), C5>0, ISNUMBER(B5)), B5/C5, 0) -> 1 | E5: - | F5: =IF(AND(ISNUMBER(B5), B5>0, ISNUMBER('6º ao 9º EFAF'!G4)), ('6º ao 9º EFAF'!G4/(B5*3)), 0) -> 0.66666667 | G5: - | H5: - | I5: - | J5: =IF(AND(ISNUMBER(B5), B5>0, ISNUMBER('6º ao 9º EFAF'!I4)), ('6º ao 9º EFAF'!I4/(B5*3)), 0) -> 0.46666667 | K5: =IF(AND(ISNUMBER(B5), B5>0, ISNUMBER('6º ao 9º EFAF'!H4)), ('6º ao 9º EFAF'!H4/(B5*3)), 0) -> 0.56666667 | L5: =IF(AND(ISNUMBER(B5), B5>0, ISNUMBER('6º ao 9º EFAF'!F4)), ('6º ao 9º EFAF'!F4/(B5*3)), 0) -> 0.73333333 | M5: =IF(AND(ISNUMBER(B5), B5>0, ISNUMBER('6º ao 9º EFAF'!D4)), ('6º ao 9º EFAF'!D4/(B5*4)), 0) -> 0.5375 | N5: =IF(AND(ISNUMBER(B5), B5>0, ISNUMBER('6º ao 9º EFAF'!E4)), ('6º ao 9º EFAF'!E4/(B5*4)), 0) -> 0.2625 | O5: - | P5: =IFERROR(AVERAGEIF(E5:O5, ">0"), 0) -> 0.53888889
A6: 7º ANO B INTEGRAL 7H T1 ANUAL - 40928730 | B6: ='6º ao 9º EFAF'!C5 -> 35 | C6: ='6º ao 9º EFAF'!B5 -> 35 | D6: =IF(AND(ISNUMBER(C6), C6>0, ISNUMBER(B6)), B6/C6, 0) -> 1 | E6: - | F6: =IF(AND(ISNUMBER(B6), B6>0, ISNUMBER('6º ao 9º EFAF'!G5)), ('6º ao 9º EFAF'!G5/(B6*3)), 0) -> 0.63809524 | G6: - | H6: - | I6: - | J6: =IF(AND(ISNUMBER(B6), B6>0, ISNUMBER('6º ao 9º EFAF'!I5)), ('6º ao 9º EFAF'!I5/(B6*3)), 0) -> 0.64761905 | K6: =IF(AND(ISNUMBER(B6), B6>0, ISNUMBER('6º ao 9º EFAF'!H5)), ('6º ao 9º EFAF'!H5/(B6*3)), 0) -> 0.45714286 | L6: =IF(AND(ISNUMBER(B6), B6>0, ISNUMBER('6º ao 9º EFAF'!F5)), ('6º ao 9º EFAF'!F5/(B6*3)), 0) -> 0.59047619 | M6: =IF(AND(ISNUMBER(B6), B6>0, ISNUMBER('6º ao 9º EFAF'!D5)), ('6º ao 9º EFAF'!D5/(B6*4)), 0) -> 0.61428571 | N6: =IF(AND(ISNUMBER(B6), B6>0, ISNUMBER('6º ao 9º EFAF'!E5)), ('6º ao 9º EFAF'!E5/(B6*4)), 0) -> 0.34285714 | O6: - | P6: =IFERROR(AVERAGEIF(E6:O6, ">0"), 0) -> 0.5484127
A7: 7º ANO C INTEGRAL 7H T1 ANUAL - 40928734 | B7: ='6º ao 9º EFAF'!C6 -> 31 | C7: ='6º ao 9º EFAF'!B6 -> 35 | D7: =IF(AND(ISNUMBER(C7), C7>0, ISNUMBER(B7)), B7/C7, 0) -> 0.88571429 | E7: - | F7: =IF(AND(ISNUMBER(B7), B7>0, ISNUMBER('6º ao 9º EFAF'!G6)), ('6º ao 9º EFAF'!G6/(B7*3)), 0) -> 0.74193548 | G7: - | H7: - | I7: - | J7: =IF(AND(ISNUMBER(B7), B7>0, ISNUMBER('6º ao 9º EFAF'!I6)), ('6º ao 9º EFAF'!I6/(B7*3)), 0) -> 0.64516129 | K7: =IF(AND(ISNUMBER(B7), B7>0, ISNUMBER('6º ao 9º EFAF'!H6)), ('6º ao 9º EFAF'!H6/(B7*3)), 0) -> 0.46236559 | L7: =IF(AND(ISNUMBER(B7), B7>0, ISNUMBER('6º ao 9º EFAF'!F6)), ('6º ao 9º EFAF'!F6/(B7*3)), 0) -> 0.66666667 | M7: =IF(AND(ISNUMBER(B7), B7>0, ISNUMBER('6º ao 9º EFAF'!D6)), ('6º ao 9º EFAF'!D6/(B7*4)), 0) -> 0.57258065 | N7: =IF(AND(ISNUMBER(B7), B7>0, ISNUMBER('6º ao 9º EFAF'!E6)), ('6º ao 9º EFAF'!E6/(B7*4)), 0) -> 0.42741935 | O7: - | P7: =IFERROR(AVERAGEIF(E7:O7, ">0"), 0) -> 0.58602151
A8: 8° ANO A INTEGRAL 7H T1 ANUAL - 40928733 | B8: ='6º ao 9º EFAF'!C7 -> 35 | C8: ='6º ao 9º EFAF'!B7 -> 35 | D8: =IF(AND(ISNUMBER(C8), C8>0, ISNUMBER(B8)), B8/C8, 0) -> 1 | E8: - | F8: =IF(AND(ISNUMBER(B8), B8>0, ISNUMBER('6º ao 9º EFAF'!G7)), ('6º ao 9º EFAF'!G7/(B8*3)), 0) -> 0.81904762 | G8: - | H8: - | I8: - | J8: =IF(AND(ISNUMBER(B8), B8>0, ISNUMBER('6º ao 9º EFAF'!I7)), ('6º ao 9º EFAF'!I7/(B8*3)), 0) -> 0.73333333 | K8: =IF(AND(ISNUMBER(B8), B8>0, ISNUMBER('6º ao 9º EFAF'!H7)), ('6º ao 9º EFAF'!H7/(B8*3)), 0) -> 0.74285714 | L8: =IF(AND(ISNUMBER(B8), B8>0, ISNUMBER('6º ao 9º EFAF'!F7)), ('6º ao 9º EFAF'!F7/(B8*3)), 0) -> 0.8 | M8: =IF(AND(ISNUMBER(B8), B8>0, ISNUMBER('6º ao 9º EFAF'!D7)), ('6º ao 9º EFAF'!D7/(B8*4)), 0) -> 0.73571429 | N8: =IF(AND(ISNUMBER(B8), B8>0, ISNUMBER('6º ao 9º EFAF'!E7)), ('6º ao 9º EFAF'!E7/(B8*4)), 0) -> 0.68571429 | O8: - | P8: =IFERROR(AVERAGEIF(E8:O8, ">0"), 0) -> 0.75277778
A9: 8° ANO B INTEGRAL 7H T1 ANUAL - 40928732 | B9: ='6º ao 9º EFAF'!C8 -> 35 | C9: ='6º ao 9º EFAF'!B8 -> 36 | D9: =IF(AND(ISNUMBER(C9), C9>0, ISNUMBER(B9)), B9/C9, 0) -> 0.97222222 | E9: - | F9: =IF(AND(ISNUMBER(B9), B9>0, ISNUMBER('6º ao 9º EFAF'!G8)), ('6º ao 9º EFAF'!G8/(B9*3)), 0) -> 0.6 | G9: - | H9: - | I9: - | J9: =IF(AND(ISNUMBER(B9), B9>0, ISNUMBER('6º ao 9º EFAF'!I8)), ('6º ao 9º EFAF'!I8/(B9*3)), 0) -> 0.33333333 | K9: =IF(AND(ISNUMBER(B9), B9>0, ISNUMBER('6º ao 9º EFAF'!H8)), ('6º ao 9º EFAF'!H8/(B9*3)), 0) -> 0.48571429 | L9: =IF(AND(ISNUMBER(B9), B9>0, ISNUMBER('6º ao 9º EFAF'!F8)), ('6º ao 9º EFAF'!F8/(B9*3)), 0) -> 0.6952381 | M9: =IF(AND(ISNUMBER(B9), B9>0, ISNUMBER('6º ao 9º EFAF'!D8)), ('6º ao 9º EFAF'!D8/(B9*4)), 0) -> 0.55 | N9: =IF(AND(ISNUMBER(B9), B9>0, ISNUMBER('6º ao 9º EFAF'!E8)), ('6º ao 9º EFAF'!E8/(B9*4)), 0) -> 0.38571429 | O9: - | P9: =IFERROR(AVERAGEIF(E9:O9, ">0"), 0) -> 0.50833333
A10: 9° ANO A INTEGRAL 7H T1 ANUAL - 40928731 | B10: ='6º ao 9º EFAF'!C9 -> 34 | C10: ='6º ao 9º EFAF'!B9 -> 36 | D10: =IF(AND(ISNUMBER(C10), C10>0, ISNUMBER(B10)), B10/C10, 0) -> 0.94444444 | E10: - | F10: =IF(AND(ISNUMBER(B10), B10>0, ISNUMBER('6º ao 9º EFAF'!G9)), ('6º ao 9º EFAF'!G9/(B10*3)), 0) -> 0.6372549 | G10: - | H10: - | I10: - | J10: =IF(AND(ISNUMBER(B10), B10>0, ISNUMBER('6º ao 9º EFAF'!I9)), ('6º ao 9º EFAF'!I9/(B10*3)), 0) -> 0.39215686 | K10: =IF(AND(ISNUMBER(B10), B10>0, ISNUMBER('6º ao 9º EFAF'!H9)), ('6º ao 9º EFAF'!H9/(B10*3)), 0) -> 0.49019608 | L10: =IF(AND(ISNUMBER(B10), B10>0, ISNUMBER('6º ao 9º EFAF'!F9)), ('6º ao 9º EFAF'!F9/(B10*3)), 0) -> 0.53921569 | M10: =IF(AND(ISNUMBER(B10), B10>0, ISNUMBER('6º ao 9º EFAF'!D9)), ('6º ao 9º EFAF'!D9/(B10*4)), 0) -> 0.66176471 | N10: =IF(AND(ISNUMBER(B10), B10>0, ISNUMBER('6º ao 9º EFAF'!E9)), ('6º ao 9º EFAF'!E9/(B10*4)), 0) -> 0.40441176 | O10: - | P10: =IFERROR(AVERAGEIF(E10:O10, ">0"), 0) -> 0.52083333
A11: 9° ANO B INTEGRAL 7H T1 ANUAL - 40928729 | B11: ='6º ao 9º EFAF'!C10 -> 34 | C11: ='6º ao 9º EFAF'!B10 -> 37 | D11: =IF(AND(ISNUMBER(C11), C11>0, ISNUMBER(B11)), B11/C11, 0) -> 0.91891892 | E11: - | F11: =IF(AND(ISNUMBER(B11), B11>0, ISNUMBER('6º ao 9º EFAF'!G10)), ('6º ao 9º EFAF'!G10/(B11*3)), 0) -> 0.58823529 | G11: - | H11: - | I11: - | J11: =IF(AND(ISNUMBER(B11), B11>0, ISNUMBER('6º ao 9º EFAF'!I10)), ('6º ao 9º EFAF'!I10/(B11*3)), 0) -> 0.39215686 | K11: =IF(AND(ISNUMBER(B11), B11>0, ISNUMBER('6º ao 9º EFAF'!H10)), ('6º ao 9º EFAF'!H10/(B11*3)), 0) -> 0.34313725 | L11: =IF(AND(ISNUMBER(B11), B11>0, ISNUMBER('6º ao 9º EFAF'!F10)), ('6º ao 9º EFAF'!F10/(B11*3)), 0) -> 0.6372549 | M11: =IF(AND(ISNUMBER(B11), B11>0, ISNUMBER('6º ao 9º EFAF'!D10)), ('6º ao 9º EFAF'!D10/(B11*4)), 0) -> 0.625 | N11: =IF(AND(ISNUMBER(B11), B11>0, ISNUMBER('6º ao 9º EFAF'!E10)), ('6º ao 9º EFAF'!E10/(B11*4)), 0) -> 0.36764706 | O11: - | P11: =IFERROR(AVERAGEIF(E11:O11, ">0"), 0) -> 0.49223856
A12: 1ª SERIE A INTEGRAL 7H T2 ANUAL - 40971609 | B12: ='1ª e 2ª EM'!C2 -> 28 | C12: ='1ª e 2ª EM'!B2 -> 32 | D12: =IF(AND(ISNUMBER(C12), C12>0, ISNUMBER(B12)), B12/C12, 0) -> 0.875 | E12: =IF(AND(ISNUMBER(B12), B12>0, ISNUMBER('1ª e 2ª EM'!H2)), ('1ª e 2ª EM'!H2/(B12*2)), 0) -> 0.26785714 | F12: - | G12: =IF(AND(ISNUMBER(B12), B12>0, ISNUMBER('1ª e 2ª EM'!K2)), ('1ª e 2ª EM'!K2/(B12*2)), 0) -> 0.89285714 | H12: - | I12: =IF(AND(ISNUMBER(B12), B12>0, ISNUMBER('1ª e 2ª EM'!F2)), ('1ª e 2ª EM'!F2/(B12*2)), 0) -> 0.26785714 | J12: =IF(AND(ISNUMBER(B12), B12>0, ISNUMBER('1ª e 2ª EM'!J2)), ('1ª e 2ª EM'!J2/(B12*2)), 0) -> 0.35714286 | K12: =IF(AND(ISNUMBER(B12), B12>0, ISNUMBER('1ª e 2ª EM'!I2)), ('1ª e 2ª EM'!I2/(B12*2)), 0) -> 0.44642857 | L12: =IF(AND(ISNUMBER(B12), B12>0, ISNUMBER('1ª e 2ª EM'!L2)), ('1ª e 2ª EM'!L2/(B12*2)), 0) -> 0.32142857 | M12: =IF(AND(ISNUMBER(B12), B12>0, ISNUMBER('1ª e 2ª EM'!D2)), ('1ª e 2ª EM'!D2/(B12*4)), 0) -> 0.58035714 | N12: =IF(AND(ISNUMBER(B12), B12>0, ISNUMBER('1ª e 2ª EM'!E2)), ('1ª e 2ª EM'!E2/(B12*4)), 0) -> 0.3125 | O12: =IF(AND(ISNUMBER(B12), B12>0, ISNUMBER('1ª e 2ª EM'!G2)), ('1ª e 2ª EM'!G2/(B12*2)), 0) -> 0.26785714 | P12: =IFERROR(AVERAGEIF(E12:O12, ">0"), 0) -> 0.41269841
A13: 1ª SERIE B INTEGRAL 7H T2 ANUAL - 40971610 | B13: ='1ª e 2ª EM'!C3 -> 30 | C13: ='1ª e 2ª EM'!B3 -> 31 | D13: =IF(AND(ISNUMBER(C13), C13>0, ISNUMBER(B13)), B13/C13, 0) -> 0.96774194 | E13: =IF(AND(ISNUMBER(B13), B13>0, ISNUMBER('1ª e 2ª EM'!H3)), ('1ª e 2ª EM'!H3/(B13*2)), 0) -> 0.36666667 | F13: - | G13: =IF(AND(ISNUMBER(B13), B13>0, ISNUMBER('1ª e 2ª EM'!K3)), ('1ª e 2ª EM'!K3/(B13*2)), 0) -> 0.86666667 | H13: - | I13: =IF(AND(ISNUMBER(B13), B13>0, ISNUMBER('1ª e 2ª EM'!F3)), ('1ª e 2ª EM'!F3/(B13*2)), 0) -> 0.23333333 | J13: =IF(AND(ISNUMBER(B13), B13>0, ISNUMBER('1ª e 2ª EM'!J3)), ('1ª e 2ª EM'!J3/(B13*2)), 0) -> 0.35 | K13: =IF(AND(ISNUMBER(B13), B13>0, ISNUMBER('1ª e 2ª EM'!I3)), ('1ª e 2ª EM'!I3/(B13*2)), 0) -> 0.41666667 | L13: =IF(AND(ISNUMBER(B13), B13>0, ISNUMBER('1ª e 2ª EM'!L3)), ('1ª e 2ª EM'!L3/(B13*2)), 0) -> 0.41666667 | M13: =IF(AND(ISNUMBER(B13), B13>0, ISNUMBER('1ª e 2ª EM'!D3)), ('1ª e 2ª EM'!D3/(B13*4)), 0) -> 0.625 | N13: =IF(AND(ISNUMBER(B13), B13>0, ISNUMBER('1ª e 2ª EM'!E3)), ('1ª e 2ª EM'!E3/(B13*4)), 0) -> 0.25 | O13: =IF(AND(ISNUMBER(B13), B13>0, ISNUMBER('1ª e 2ª EM'!G3)), ('1ª e 2ª EM'!G3/(B13*2)), 0) -> 0.33333333 | P13: =IFERROR(AVERAGEIF(E13:O13, ">0"), 0) -> 0.4287037
A14: 4050 - ADMINISTRAÇÃO - 2ª SERIE A INTEGRAL 7H T2 ANUAL - 41140987 | B14: ='1ª e 2ª EM'!C4 -> 19 | C14: ='1ª e 2ª EM'!B4 -> 20 | D14: =IF(AND(ISNUMBER(C14), C14>0, ISNUMBER(B14)), B14/C14, 0) -> 0.95 | E14: =IF(AND(ISNUMBER(B14), B14>0, ISNUMBER('1ª e 2ª EM'!H4)), ('1ª e 2ª EM'!H4/(B14*2)), 0) -> 0.89473684 | F14: - | G14: - | H14: =IF(AND(ISNUMBER(B14), B14>0, ISNUMBER('1ª e 2ª EM'!K4)), ('1ª e 2ª EM'!K4/(B14*2)), 0) -> 0.84210526 | I14: =IF(AND(ISNUMBER(B14), B14>0, ISNUMBER('1ª e 2ª EM'!F4)), ('1ª e 2ª EM'!F4/(B14*2)), 0) -> 0.92105263 | J14: =IF(AND(ISNUMBER(B14), B14>0, ISNUMBER('1ª e 2ª EM'!J4)), ('1ª e 2ª EM'!J4/(B14*2)), 0) -> 0.89473684 | K14: =IF(AND(ISNUMBER(B14), B14>0, ISNUMBER('1ª e 2ª EM'!I4)), ('1ª e 2ª EM'!I4/(B14*2)), 0) -> 0.92105263 | L14: =IF(AND(ISNUMBER(B14), B14>0, ISNUMBER('1ª e 2ª EM'!L4)), ('1ª e 2ª EM'!L4/(B14*2)), 0) -> 0.89473684 | M14: =IF(AND(ISNUMBER(B14), B14>0, ISNUMBER('1ª e 2ª EM'!D4)), ('1ª e 2ª EM'!D4/(B14*4)), 0) -> 0.94736842 | N14: =IF(AND(ISNUMBER(B14), B14>0, ISNUMBER('1ª e 2ª EM'!E4)), ('1ª e 2ª EM'!E4/(B14*4)), 0) -> 0.92105263 | O14: =IF(AND(ISNUMBER(B14), B14>0, ISNUMBER('1ª e 2ª EM'!G4)), ('1ª e 2ª EM'!G4/(B14*2)), 0) -> 0.86842105 | P14: =IFERROR(AVERAGEIF(E14:O14, ">0"), 0) -> 0.9005848
A15: 4050 - ADMINISTRAÇÃO - 2ª SERIE B INTEGRAL 7H T2 ANUAL - 41237071 | B15: ='1ª e 2ª EM'!C5 -> 21 | C15: ='1ª e 2ª EM'!B5 -> 22 | D15: =IF(AND(ISNUMBER(C15), C15>0, ISNUMBER(B15)), B15/C15, 0) -> 0.95454545 | E15: =IF(AND(ISNUMBER(B15), B15>0, ISNUMBER('1ª e 2ª EM'!H5)), ('1ª e 2ª EM'!H5/(B15*2)), 0) -> 0.5952381 | F15: - | G15: - | H15: =IF(AND(ISNUMBER(B15), B15>0, ISNUMBER('1ª e 2ª EM'!K5)), ('1ª e 2ª EM'!K5/(B15*2)), 0) -> 0.47619048 | I15: =IF(AND(ISNUMBER(B15), B15>0, ISNUMBER('1ª e 2ª EM'!F5)), ('1ª e 2ª EM'!F5/(B15*2)), 0) -> 0.23809524 | J15: =IF(AND(ISNUMBER(B15), B15>0, ISNUMBER('1ª e 2ª EM'!J5)), ('1ª e 2ª EM'!J5/(B15*2)), 0) -> 0.35714286 | K15: =IF(AND(ISNUMBER(B15), B15>0, ISNUMBER('1ª e 2ª EM'!I5)), ('1ª e 2ª EM'!I5/(B15*2)), 0) -> 0.61904762 | L15: =IF(AND(ISNUMBER(B15), B15>0, ISNUMBER('1ª e 2ª EM'!L5)), ('1ª e 2ª EM'!L5/(B15*2)), 0) -> 0.28571429 | M15: =IF(AND(ISNUMBER(B15), B15>0, ISNUMBER('1ª e 2ª EM'!D5)), ('1ª e 2ª EM'!D5/(B15*4)), 0) -> 0.5952381 | N15: =IF(AND(ISNUMBER(B15), B15>0, ISNUMBER('1ª e 2ª EM'!E5)), ('1ª e 2ª EM'!E5/(B15*4)), 0) -> 0.29761905 | O15: =IF(AND(ISNUMBER(B15), B15>0, ISNUMBER('1ª e 2ª EM'!G5)), ('1ª e 2ª EM'!G5/(B15*2)), 0) -> 0.61904762 | P15: =IFERROR(AVERAGEIF(E15:O15, ">0"), 0) -> 0.4537037
A16: 3ª SERIE B INTEGRAL 7H T2 ANUAL - 40949611 | B16: ='3ª EM'!C2 -> 8 | C16: ='3ª EM'!B2 -> 9 | D16: =IF(AND(ISNUMBER(C16), C16>0, ISNUMBER(B16)), B16/C16, 0) -> 0.88888889 | E16: - | F16: - | G16: - | H16: - | I16: =IF(AND(ISNUMBER(B16), B16>0, ISNUMBER('3ª EM'!F2)), ('3ª EM'!F2/(B16*4)), 0) -> 0.15625 | J16: - | K16: =IF(AND(ISNUMBER(B16), B16>0, ISNUMBER('3ª EM'!G2)), ('3ª EM'!G2/(B16*4)), 0) -> 1 | L16: =IF(AND(ISNUMBER(B16), B16>0, ISNUMBER('3ª EM'!H2)), ('3ª EM'!H2/(B16*4)), 0) -> 0.78125 | M16: =IF(AND(ISNUMBER(B16), B16>0, ISNUMBER('3ª EM'!D2)), ('3ª EM'!D2/(B16*5)), 0) -> 0.75 | N16: =IF(AND(ISNUMBER(B16), B16>0, ISNUMBER('3ª EM'!E2)), ('3ª EM'!E2/(B16*5)), 0) -> 0.525 | O16: - | P16: =IFERROR(AVERAGEIF(E16:O16, ">0"), 0) -> 0.6425
A17: 4050 - ADMINISTRAÇÃO - 3ª SERIE A INTEGRAL 7H T2 ANUAL - 40965455 | B17: ='3ª EM'!C3 -> 22 | C17: ='3ª EM'!B3 -> 22 | D17: =IF(AND(ISNUMBER(C17), C17>0, ISNUMBER(B17)), B17/C17, 0) -> 1 | E17: - | F17: - | G17: - | H17: - | I17: =IF(AND(ISNUMBER(B17), B17>0, ISNUMBER('3ª EM'!F3)), ('3ª EM'!F3/(B17*4)), 0) -> 0.13636364 | J17: - | K17: =IF(AND(ISNUMBER(B17), B17>0, ISNUMBER('3ª EM'!G3)), ('3ª EM'!G3/(B17*4)), 0) -> 0.60227273 | L17: =IF(AND(ISNUMBER(B17), B17>0, ISNUMBER('3ª EM'!H3)), ('3ª EM'!H3/(B17*4)), 0) -> 0.36363636 | M17: =IF(AND(ISNUMBER(B17), B17>0, ISNUMBER('3ª EM'!D3)), ('3ª EM'!D3/(B17*5)), 0) -> 0.59090909 | N17: =IF(AND(ISNUMBER(B17), B17>0, ISNUMBER('3ª EM'!E3)), ('3ª EM'!E3/(B17*5)), 0) -> 0.27272727 | O17: - | P17: =IFERROR(AVERAGEIF(E17:O17, ">0"), 0) -> 0.39318182
