Workbook

Sheet 6º ao 9º EFAF
A1: 6º ao 9º EFAF | B1: Total de Matrículas | C1: Alunos que fizeram a avaliação | D1: Acertos em Língua Portuguesa (Questões 1, 2, 3, 4) | E1: Acertos em Matemática (Questões 5, 6, 7, 8) | F1: Acertos em Língua Inglesa (Questões 9, 10, 11) | G1: Acertos em Ciências (Questões 12, 13, 14) | H1: Acertos em História (Questões 15, 16, 17) | I1: Acertos em Geografia (Questões 18, 19, 20) | J1: Total de Acertos
A2: 6° ANO A INTEGRAL 9H ANUAL - 40981354 | B2: 32 | C2: 31 | D2: 100 | E2: 62 | F2: 75 | G2: 64 | H2: 24 | I2: 69 | J2: =IF(COUNT(D2:I2)>0, SUM(D2:I2), 0) -> 394
A3: 6° ANO B INTEGRAL 9H ANUAL - 40981355 | B3: 32 | C3: 30 | D3: 90 | E3: 71 | F3: 65 | G3: 46 | H3: 24 | I3: 58 | J3: =IF(COUNT(D3:I3)>0, SUM(D3:I3), 0) -> 354
A4: 7° ANO A INTEGRAL 9H ANUAL - 40939822 | B4: 29 | C4: 27 | D4: 65 | E4: 35 | F4: 39 | G4: 61 | H4: 39 | I4: 49 | J4: =IF(COUNT(D4:I4)>0, SUM(D4:I4), 0) -> 288
A5: 7° ANO B INTEGRAL 9H ANUAL - 40939826 | B5: 29 | C5: 29 | D5: 89 | E5: 83 | F5: 69 | G5: 76 | H5: 55 | I5: 66 | J5: =IF(COUNT(D5:I5)>0, SUM(D5:I5), 0) -> 438
A6: 8° ANO B INTEGRAL 9H ANUAL - 40939827 | B6: 26 | C6: 26 | D6: 55 | E6: 34 | F6: 37 | G6: 40 | H6: 30 | I6: 38 | J6: =IF(COUNT(D6:I6)>0, SUM(D6:I6), 0) -> 234
A7: 8º ANO A INTEGRAL 9H ANUAL - 40939825 | B7: 20 | C7: 19 | D7: 52 | E7: 37 | F7: 35 | G7: 33 | H7: 23 | I7: 21 | J7: =IF(COUNT(D7:I7)>0, SUM(D7:I7), 0) -> 201
A8: 9° ANO A INTEGRAL 9H ANUAL - 40939824 | B8: 25 | C8: 24 | D8: 63 | E8: 42 | F8: 29 | G8: 49 | H8: 13 | I8: 27 | J8: =IF(COUNT(D8:I8)>0, SUM(D8:I8), 0) -> 223
A9: 9° ANO B INTEGRAL 9H ANUAL - 40939823 | B9: 26 | C9: 24 | D9: 75 | E9: 47 | F9: 25 | G9: 51 | H9: 10 | I9: 27 | J9: =IF(COUNT(D9:I9)>0, SUM(D9:I9), 0) -> 235

Sheet 1ª e 2ª EM
A1: 1ª/2ª EM | B1: Total de Matrículas | C1: Alunos que fizeram a avaliação | D1: Acertos em Língua Portuguesa (Questões 1, 2, 3, 4) | E1: Acertos em Matemática (Questões 5, 6, 7, 8) | F1: Acertos em Física (Questões 9, 10) | G1: Acertos em Química (Questões 11, 12) | H1: Acertos em Biologia (Questões 13, 14) | I1: Acertos em História (Questões 15, 16) | J1: Acertos em Geografia (Questões 17, 18) | K1: Acertos em Filosofia/Sociologia (Questões 19, 20) | L1: Acertos em Língua Inglesa (Questões 21, 22) | M1: Total de Acertos

Sheet 3ª EM
A1: 3ª EM | B1: Total de Matrículas | C1: Alunos que fizeram a avaliação | D1: Acertos em Língua Portuguesa (Questões 1, 2, 3, 4, 5) | E1: Acertos em Matemática (Questões 6, 7, 8, 9, 10) | F1: Acertos em Física (Questões 11, 12, 13, 14) | G1: Acertos em História (Questões 15, 16, 17, 18) | H1: Acertos em Língua Inglesa (Questões 19, 20, 21, 22) | I1: Total de Acertos

Sheet Resultado automático
A1: Turma | B1: Alunos (Pres.) | C1: Total Matric. | D1: Part. (%) | E1: Biologia | F1: Ciências | G1: Filosofia | H1: Sociologia | I1: Física | J1: Geografia | K1: História | L1: Língua Inglesa | M1: Língua Portuguesa | N1: Matemática | O1: Química | P1: Média Geral
A2: MÉDIA GLOBAL DA ESCOLA | B2: =IFERROR(SUM(B3:B10), 0) -> 210 | C2: =IFERROR(SUM(C3:C10), 0) -> 219 | D2: =IF(AND(ISNUMBER(C2), C2>0, ISNUMBER(B2)), B2/C2, 0) -> 0.95890411 | E2: =IFERROR(AVERAGEIF(E3:E10, ">0"), 0) -> 0 | F2: =IFERROR(AVERAGEIF(F3:F10, ">0"), 0) -> 0.6633237 | G2: =IFERROR(AVERAGEIF(G3:G10, ">0"), 0) -> 0 | H2: =IFERROR(AVERAGEIF(H3:H10, ">0"), 0) -> 0 | I2: =IFERROR(AVERAGEIF(I3:I10, ">0"), 0) -> 0 | J2: =IFERROR(AVERAGEIF(J3:J10, ">0"), 0) -> 0.54444243 | K2: =IFERROR(AVERAGEIF(K3:K10, ">0"), 0) -> 0.34324565 | L2: =IFERROR(AVERAGEIF(L3:L10, ">0"), 0) -> 0.5802066 | ... P2: =IFERROR(AVERAGEIF(P3:P10, ">0"), 0) -> 0.55204073
A3: 6° ANO A INTEGRAL 9H ANUAL - 40981354 | B3: ='6º ao 9º EFAF'!C2 -> 31 | C3: ='6º ao 9º EFAF'!B2 -> 32 | D3: =IF(AND(ISNUMBER(C3), C3>0, ISNUMBER(B3)), B3/C3, 0) -> 0.96875 | E3: - | F3: =IF(AND(ISNUMBER(B3), B3>0, ISNUMBER('6º ao 9º EFAF'!G2)), ('6º ao 9º EFAF'!G2/(B3*3)), 0) -> 0.68817204 | G3: - | H3: - | I3: - | J3: =IF(AND(ISNUMBER(B3), B3>0, ISNUMBER('6º ao 9º EFAF'!I2)), ('6º ao 9º EFAF'!I2/(B3*3)), 0) -> 0.74193548 | K3: =IF(AND(ISNUMBER(B3), B3>0, ISNUMBER('6º ao 9º EFAF'!H2)), ('6º ao 9º EFAF'!H2/(B3*3)), 0) -> 0.25806452 | L3: =IF(AND(ISNUMBER(B3), B3>0, ISNUMBER('6º ao 9º EFAF'!F2)), ('6º ao 9º EFAF'!F2/(B3*3)), 0) -> 0.80645161 | M3: =IF(AND(ISNUMBER(B3), B3>0, ISNUMBER('6º ao 9º EFAF'!D2)), ('6º ao 9º EFAF'!D2/(B3*4)), 0) -> 0.80645161 | N3: =IF(AND(ISNUMBER(B3), B3>0, ISNUMBER('6º ao 9º EFAF'!E2)), ('6º ao 9º EFAF'!E2/(B3*4)), 0) -> 0.5 | O3: - | P3: =IFERROR(AVERAGEIF(E3:O3, ">0"), 0) -> 0.63351254
A4: 6° ANO B INTEGRAL 9H ANUAL - 40981355 | B4: ='6º ao 9º EFAF'!C3 -> 30 | C4: ='6º ao 9º EFAF'!B3 -> 32 | D4: =IF(AND(ISNUMBER(C4), C4>0, ISNUMBER(B4)), B4/C4, 0) -> 0.9375 | E4: - | F4: =IF(AND(ISNUMBER(B4), B4>0, ISNUMBER('6º ao 9º EFAF'!G3)), ('6º ao 9º EFAF'!G3/(B4*3)), 0) -> 0.51111111 | G4: - | H4: - | I4: - | J4: =IF(AND(ISNUMBER(B4), B4>0, ISNUMBER('6º ao 9º EFAF'!I3)), ('6º ao 9º EFAF'!I3/(B4*3)), 0) -> 0.64444444 | K4: =IF(AND(ISNUMBER(B4), B4>0, ISNUMBER('6º ao 9º EFAF'!H3)), ('6º ao 9º EFAF'!H3/(B4*3)), 0) -> 0.26666667 | L4: =IF(AND(ISNUMBER(B4), B4>0, ISNUMBER('6º ao 9º EFAF'!F3)), ('6º ao 9º EFAF'!F3/(B4*3)), 0) -> 0.72222222 | M4: =IF(AND(ISNUMBER(B4), B4>0, ISNUMBER('6º ao 9º EFAF'!D3)), ('6º ao 9º EFAF'!D3/(B4*4)), 0) -> 0.75 | N4: =IF(AND(ISNUMBER(B4), B4>0, ISNUMBER('6º ao 9º EFAF'!E3)), ('6º ao 9º EFAF'!E3/(B4*4)), 0) -> 0.59166667 | O4: - | P4: =IFERROR(AVERAGEIF(E4:O4, ">0"), 0) -> 0.58101852
A5: 7° ANO A INTEGRAL 9H ANUAL - 40939822 | B5: ='6º ao 9º EFAF'!C4 -> 27 | C5: ='6º ao 9º EFAF'!B4 -> 29 | D5: =IF(AND(ISNUMBER(C5), C5>0, ISNUMBER(B5)), B5/C5, 0) -> 0.93103448 | E5: - | F5: =IF(AND(ISNUMBER(B5), B5>0, ISNUMBER('6º ao 9º EFAF'!G4)), ('6º ao 9º EFAF'!G4/(B5*3)), 0) -> 0.75308642 | G5: - | H5: - | I5: - | J5: =IF(AND(ISNUMBER(B5), B5>0, ISNUMBER('6º ao 9º EFAF'!I4)), ('6º ao 9º EFAF'!I4/(B5*3)), 0) -> 0.60493827 | K5: =IF(AND(ISNUMBER(B5), B5>0, ISNUMBER('6º ao 9º EFAF'!H4)), ('6º ao 9º EFAF'!H4/(B5*3)), 0) -> 0.48148148 | L5: =IF(AND(ISNUMBER(B5), B5>0, ISNUMBER('6º ao 9º EFAF'!F4)), ('6º ao 9º EFAF'!F4/(B5*3)), 0) -> 0.48148148 | M5: =IF(AND(ISNUMBER(B5), B5>0, ISNUMBER('6º ao 9º EFAF'!D4)), ('6º ao 9º EFAF'!D4/(B5*4)), 0) -> 0.60185185 | N5: =IF(AND(ISNUMBER(B5), B5>0, ISNUMBER('6º ao 9º EFAF'!E4)), ('6º ao 9º EFAF'!E4/(B5*4)), 0) -> 0.32407407 | O5: - | P5: =IFERROR(AVERAGEIF(E5:O5, ">0"), 0) -> 0.54115226
A6: 7° ANO B INTEGRAL 9H ANUAL - 40939826 | B6: ='6º ao 9º EFAF'!C5 -> 29 | C6: ='6º ao 9º EFAF'!B5 -> 29 | D6: =IF(AND(ISNUMBER(C6), C6>0, ISNUMBER(B6)), B6/C6, 0) -> 1 | E6: - | F6: =IF(AND(ISNUMBER(B6), B6>0, ISNUMBER('6º ao 9º EFAF'!G5)), ('6º ao 9º EFAF'!G5/(B6*3)), 0) -> 0.87356322 | G6: - | H6: - | I6: - | J6: =IF(AND(ISNUMBER(B6), B6>0, ISNUMBER('6º ao 9º EFAF'!I5)), ('6º ao 9º EFAF'!I5/(B6*3)), 0) -> 0.75862069 | K6: =IF(AND(ISNUMBER(B6), B6>0, ISNUMBER('6º ao 9º EFAF'!H5)), ('6º ao 9º EFAF'!H5/(B6*3)), 0) -> 0.63218391 | L6: =IF(AND(ISNUMBER(B6), B6>0, ISNUMBER('6º ao 9º EFAF'!F5)), ('6º ao 9º EFAF'!F5/(B6*3)), 0) -> 0.79310345 | M6: =IF(AND(ISNUMBER(B6), B6>0, ISNUMBER('6º ao 9º EFAF'!D5)), ('6º ao 9º EFAF'!D5/(B6*4)), 0) -> 0.76724138 | N6: =IF(AND(ISNUMBER(B6), B6>0, ISNUMBER('6º ao 9º EFAF'!E5)), ('6º ao 9º EFAF'!E5/(B6*4)), 0) -> 0.71551724 | O6: - | P6: =IFERROR(AVERAGEIF(E6:O6, ">0"), 0) -> 0.75670498
A7: 8° ANO B INTEGRAL 9H ANUAL - 40939827 | B7: ='6º ao 9º EFAF'!C6 -> 26 | C7: ='6º ao 9º EFAF'!B6 -> 26 | D7: =IF(AND(ISNUMBER(C7), C7>0, ISNUMBER(B7)), B7/C7, 0) -> 1 | E7: - | F7: =IF(AND(ISNUMBER(B7), B7>0, ISNUMBER('6º ao 9º EFAF'!G6)), ('6º ao 9º EFAF'!G6/(B7*3)), 0) -> 0.51282051 | G7: - | H7: - | I7: - | J7: =IF(AND(ISNUMBER(B7), B7>0, ISNUMBER('6º ao 9º EFAF'!I6)), ('6º ao 9º EFAF'!I6/(B7*3)), 0) -> 0.48717949 | K7: =IF(AND(ISNUMBER(B7), B7>0, ISNUMBER('6º ao 9º EFAF'!H6)), ('6º ao 9º EFAF'!H6/(B7*3)), 0) -> 0.38461538 | L7: =IF(AND(ISNUMBER(B7), B7>0, ISNUMBER('6º ao 9º EFAF'!F6)), ('6º ao 9º EFAF'!F6/(B7*3)), 0) -> 0.47435897 | M7: =IF(AND(ISNUMBER(B7), B7>0, ISNUMBER('6º ao 9º EFAF'!D6)), ('6º ao 9º EFAF'!D6/(B7*4)), 0) -> 0.52884615 | N7: =IF(AND(ISNUMBER(B7), B7>0, ISNUMBER('6º ao 9º EFAF'!E6)), ('6º ao 9º EFAF'!E6/(B7*4)), 0) -> 0.32692308 | O7: - | P7: =IFERROR(AVERAGEIF(E7:O7, ">0"), 0) -> 0.45245726
A8: 8º ANO A INTEGRAL 9H ANUAL - 40939825 | B8: ='6º ao 9º EFAF'!C7 -> 19 | C8: ='6º ao 9º EFAF'!B7 -> 20 | D8: =IF(AND(ISNUMBER(C8), C8>0, ISNUMBER(B8)), B8/C8, 0) -> 0.95 | E8: - | F8: =IF(AND(ISNUMBER(B8), B8>0, ISNUMBER('6º ao 9º EFAF'!G7)), ('6º ao 9º EFAF'!G7/(B8*3)), 0) -> 0.57894737 | G8: - | H8: - | I8: - | J8: =IF(AND(ISNUMBER(B8), B8>0, ISNUMBER('6º ao 9º EFAF'!I7)), ('6º ao 9º EFAF'!I7/(B8*3)), 0) -> 0.36842105 | K8: =IF(AND(ISNUMBER(B8), B8>0, ISNUMBER('6º ao 9º EFAF'!H7)), ('6º ao 9º EFAF'!H7/(B8*3)), 0) -> 0.40350877 | L8: =IF(AND(ISNUMBER(B8), B8>0, ISNUMBER('6º ao 9º EFAF'!F7)), ('6º ao 9º EFAF'!F7/(B8*3)), 0) -> 0.61403509 | M8: =IF(AND(ISNUMBER(B8), B8>0, ISNUMBER('6º ao 9º EFAF'!D7)), ('6º ao 9º EFAF'!D7/(B8*4)), 0) -> 0.68421053 | N8: =IF(AND(ISNUMBER(B8), B8>0, ISNUMBER('6º ao 9º EFAF'!E7)), ('6º ao 9º EFAF'!E7/(B8*4)), 0) -> 0.48684211 | O8: - | P8: =IFERROR(AVERAGEIF(E8:O8, ">0"), 0) -> 0.52266082
A9: 9° ANO A INTEGRAL 9H ANUAL - 40939824 | B9: ='6º ao 9º EFAF'!C8 -> 24 | C9: ='6º ao 9º EFAF'!B8 -> 25 | D9: =IF(AND(ISNUMBER(C9), C9>0, ISNUMBER(B9)), B9/C9, 0) -> 0.96 | E9: - | F9: =IF(AND(ISNUMBER(B9), B9>0, ISNUMBER('6º ao 9º EFAF'!G8)), ('6º ao 9º EFAF'!G8/(B9*3)), 0) -> 0.68055556 | G9: - | H9: - | I9: - | J9: =IF(AND(ISNUMBER(B9), B9>0, ISNUMBER('6º ao 9º EFAF'!I8)), ('6º ao 9º EFAF'!I8/(B9*3)), 0) -> 0.375 | K9: =IF(AND(ISNUMBER(B9), B9>0, ISNUMBER('6º ao 9º EFAF'!H8)), ('6º ao 9º EFAF'!H8/(B9*3)), 0) -> 0.18055556 | L9: =IF(AND(ISNUMBER(B9), B9>0, ISNUMBER('6º ao 9º EFAF'!F8)), ('6º ao 9º EFAF'!F8/(B9*3)), 0) -> 0.40277778 | M9: =IF(AND(ISNUMBER(B9), B9>0, ISNUMBER('6º ao 9º EFAF'!D8)), ('6º ao 9º EFAF'!D8/(B9*4)), 0) -> 0.65625 | N9: =IF(AND(ISNUMBER(B9), B9>0, ISNUMBER('6º ao 9º EFAF'!E8)), ('6º ao 9º EFAF'!E8/(B9*4)), 0) -> 0.4375 | O9: - | P9: =IFERROR(AVERAGEIF(E9:O9, ">0"), 0) -> 0.45543981
A10: 9° ANO B INTEGRAL 9H ANUAL - 40939823 | B10: ='6º ao 9º EFAF'!C9 -> 24 | C10: ='6º ao 9º EFAF'!B9 -> 26 | D10: =IF(AND(ISNUMBER(C10), C10>0, ISNUMBER(B10)), B10/C10, 0) -> 0.92307692 | E10: - | F10: =IF(AND(ISNUMBER(B10), B10>0, ISNUMBER('6º ao 9º EFAF'!G9)), ('6º ao 9º EFAF'!G9/(B10*3)), 0) -> 0.70833333 | G10: - | H10: - | I10: - | J10: =IF(AND(ISNUMBER(B10), B10>0, ISNUMBER('6º ao 9º EFAF'!I9)), ('6º ao 9º EFAF'!I9/(B10*3)), 0) -> 0.375 | K10: =IF(AND(ISNUMBER(B10), B10>0, ISNUMBER('6º ao 9º EFAF'!H9)), ('6º ao 9º EFAF'!H9/(B10*3)), 0) -> 0.13888889 | L10: =IF(AND(ISNUMBER(B10), B10>0, ISNUMBER('6º ao 9º EFAF'!F9)), ('6º ao 9º EFAF'!F9/(B10*3)), 0) -> 0.34722222 | M10: =IF(AND(ISNUMBER(B10), B10>0, ISNUMBER('6º ao 9º EFAF'!D9)), ('6º ao 9º EFAF'!D9/(B10*4)), 0) -> 0.78125 | N10: =IF(AND(ISNUMBER(B10), B10>0, ISNUMBER('6º ao 9º EFAF'!E9)), ('6º ao 9º EFAF'!E9/(B10*4)), 0) -> 0.48958333 | O10: - | P10: =IFERROR(AVERAGEIF(E10:O10, ">0"), 0) -> 0.47337963
